Id,PeakHour,PeakSteps,PeakCalories,PeakIntensity,PeakMETs,Segment,MeanHourlySteps,MeanHourlyCalories,MeanHourlyIntensity,MeanHourlyMETs,StdHourlySteps,ActiveHours,WeekdaySteps,WeekdayCalories,WeekdayIntensity,WeekendSteps,WeekendCalories,WeekendIntensity,WeekendVsWeekday
1503960366,18,1556.1,128.46666666666667,0.7461111333333332,2.728666666666667,Evening Movers,522.3793584379358,78.50348675034867,0.2695025732217573,1.6668061366806135,836.4849412891417,420,534.1619047619048,79.27428571428571,0.2714285885714286,490.1614583333333,76.39583333333333,0.264236125,-8.237286492413576
1624580081,10,659.516129032258,70.48387096774194,0.23279574193548389,1.4112903225806452,Midday Movers,241.50815217391303,62.47282608695652,0.13399007201086957,1.2521195652173913,760.458171910835,272,190.4264705882353,59.8014705882353,0.10836401286764706,386.2395833333333,70.04166666666667,0.20659723958333334,102.82872551290959
1644430081,19,1199.6896551724137,195.44827586206895,0.616666724137931,2.3179310344827586,Evening Movers,307.80649717514126,118.82062146892656,0.17532958050847458,1.410635593220339,589.6106409375662,286,270.4418604651163,115.55232558139535,0.15994833333333333,408.2239583333333,127.60416666666667,0.21666668229166666,50.947030770774205
1844505072,11,438.55555555555554,97.55555555555556,0.3379629444444444,1.7383333333333333,Midday Movers,184.9212962962963,73.9074074074074,0.14147378472222222,1.3173611111111112,277.87456201248233,179,198.0448717948718,75.4326923076923,0.15422009935897435,150.8,69.94166666666666,0.10833336666666667,-23.855640071208928
1927972279,11,260.6470588235294,117.76470588235294,0.18529417647058824,1.3705882352941177,Midday Movers,69.6078431372549,95.92647058823529,0.05584152205882353,1.1167892156862744,215.66001347615534,61,61.381410256410255,95.09935897435898,0.05181626282051282,96.34375,98.61458333333333,0.06892361458333333,56.95916662315283
2022484408,9,1916.1612903225807,220.83870967741936,1.0193548709677418,3.547741935483871,Early Movers,477.8695652173913,105.47961956521739,0.28385417255434786,1.6954285714285715,861.2972888023704,369,492.8180147058824,108.72610294117646,0.3053921654411765,435.515625,96.28125,0.222829859375,-11.627494936458627
2026352035,15,493.3225806451613,81.70967741935483,0.3387096774193548,1.756451612903226,Afternoon Movers,233.78804347826087,64.9116847826087,0.18020834103260872,1.393342391304348,321.68678926474337,392,247.75183823529412,65.90073529411765,0.19120711764705883,194.22395833333334,62.109375,0.149045140625,-21.605442075922944
2320127002,15,338.1666666666667,80.96666666666667,0.21166669999999999,1.4676666666666667,Afternoon Movers,198.68707482993196,72.55510204081632,0.14571429659863946,1.3162721088435374,277.88492714542775,341,198.32965009208104,72.30386740331491,0.14413752117863718,199.69791666666666,73.265625,0.15017361458333334,0.6898951185313695
2347167796,8,1432.4705882352941,145.94117647058823,0.609804,2.5858823529411765,Early Movers,419.88235294117646,89.17647058823529,0.24550651715686272,1.5799754901960785,753.0664688580176,229,375.71794871794873,86.59615384615384,0.22692306410256413,563.4166666666666,97.5625,0.3059027395833333,49.95734661843989
2873212765,8,1061.8387096774193,140.7741935483871,0.7048387741935483,2.678064516129032,Early Movers,318.11141304347825,80.24320652173913,0.25169836820652175,1.5285597826086956,497.3064137962616,396,324.9632352941176,80.74448529411765,0.2579044080882353,298.6979166666667,78.82291666666667,0.23411458854166667,-8.082550816457356
3372868164,10,819.0,126.75,0.63916655,2.2585,Midday Movers,290.375,81.75635593220339,0.2563206377118644,1.4573516949152543,430.11640310842574,266,296.6517857142857,82.4047619047619,0.2633928630952381,274.86764705882354,80.15441176470588,0.23884808088235296,-7.3433364316381144
3977333714,22,1196.0344827586207,94.51724137931035,0.5632183448275861,2.2448275862068963,Late Movers,471.61494252873564,65.08908045977012,0.25380748419540233,1.5449137931034482,907.9171489509016,326,455.1845238095238,64.49007936507937,0.24550265079365077,514.7447916666666,66.66145833333333,0.275607671875,13.084862235357186
4020332650,16,624.7857142857143,170.71428571428572,0.3547619285714286,2.067142857142857,Afternoon Movers,196.3505747126437,120.80459770114942,0.15258620114942528,1.4611781609195402,354.0780097291161,130,201.2463768115942,119.7536231884058,0.14776569202898548,177.58333333333334,124.83333333333333,0.17106481944444446,-11.758245715108728
4319703577,10,1073.857142857143,137.0,0.5113096071428571,2.2585714285714285,Midday Movers,311.63392857142856,87.38690476190476,0.20297621875000002,1.4392261904761905,472.10529204363036,323,346.3829365079365,90.00396825396825,0.22152780753968254,207.38690476190476,79.53571428571429,0.14732145238095237,-40.12785189343384
4388161847,6,1100.6666666666667,201.53333333333333,0.6144444666666666,2.5743333333333336,Early Movers,449.7398030942335,129.81012658227849,0.24657761462728553,1.658987341772152,710.2466233675674,425,428.111753371869,127.72061657032755,0.23413617919075144,508.203125,135.45833333333334,0.2802083697916667,18.708052511364137
4445114986,18,796.6,139.73333333333332,0.4922222333333333,2.031,Evening Movers,202.1061224489796,92.1374149659864,0.16321996462585034,1.3386493860845838,409.69198525554316,347,200.83977900552486,92.17311233885819,0.16470228545119706,205.6875,92.03645833333333,0.15902777604166665,2.413725517165499
4558609924,16,882.0666666666667,127.66666666666667,0.5627777666666667,2.2893333333333334,Afternoon Movers,323.2459239130435,85.66032608695652,0.2408288179347826,1.5349728260869566,546.790099497543,398,325.4577205882353,84.99448529411765,0.23854167830882353,316.9791666666667,87.546875,0.247309046875,-2.605116850890621
4702921684,12,805.1379310344828,164.3448275862069,0.4137929655172414,1.956896551724138,Midday Movers,375.61386138613864,127.12164073550213,0.22284300282885433,1.5126308345120227,530.3566782928784,410,323.165120593692,122.16141001855287,0.19004328942486087,543.8869047619048,143.03571428571428,0.3280754166666667,68.3000021050295
5553957443,17,1291.4333333333334,133.66666666666666,0.6861110333333333,2.435,Evening Movers,366.36805555555554,79.74722222222222,0.21509260694444446,1.4525,670.9107395151534,342,449.1003787878788,84.16098484848484,0.25031567424242424,138.85416666666666,67.609375,0.118229171875,-69.08170795993675
5577150313,6,1008.0714285714286,261.2857142857143,1.0482143214285713,3.4360714285714287,Early Movers,376.5439393939394,147.22424242424242,0.35570708181818184,1.9375151515151514,627.314586050864,348,335.0658914728682,139.05620155038758,0.30390828682170545,525.1736111111111,176.49305555555554,0.5413194305555555,56.73741328983848
6117666160,13,738.9090909090909,134.36363636363637,0.5136364090909091,2.1563636363636363,Midday Movers,343.8388888888889,98.36666666666666,0.25546297592592593,1.5777962962962964,423.2430210713351,284,328.70402298850576,97.00287356321839,0.24195402586206896,371.2708333333333,100.83854166666667,0.27994794791666666,12.949890286653432
6290855005,9,733.0416666666666,168.58333333333334,0.4805555416666667,1.9629166666666666,Early Movers,287.6590509666081,116.90158172231986,0.20357350263620388,1.3606678383128297,429.26904351247106,274,278.8852867830424,115.58354114713217,0.1992518528678304,308.6011904761905,120.04761904761905,0.21388886904761903,10.65524253212593
6775888955,12,494.6,128.26666666666668,0.26999993333333333,1.6700000000000002,Midday Movers,176.65405405405406,100.18648648648649,0.12013514324324324,1.3034324324324325,470.2470137925496,73,204.575,104.50416666666666,0.1413194625,125.1076923076923,92.21538461538462,0.08102563076923076,-38.845072805722936
6962181067,10,1429.9333333333334,141.93333333333334,0.7344445333333333,2.635666666666667,Midday Movers,416.7388888888889,84.07777777777778,0.24925927083333335,1.560736111111111,776.5234664167222,341,426.31060606060606,84.67424242424242,0.2559027859848485,390.4166666666667,82.4375,0.23098960416666667,-8.4196684022533
7007744171,8,3080.0416666666665,268.7916666666667,1.5402778333333333,4.144166666666666,Early Movers,511.1267361111111,111.98611111111111,0.30572915451388893,1.725625,936.6818064416109,305,586.0648148148148,117.62037037037037,0.3442515300925926,286.3125,95.08333333333333,0.19016202777777777,-51.14661505648155
7086361926,13,2378.464285714286,220.17857142857142,0.9529762142857142,3.2432142857142856,Midday Movers,419.66715328467154,111.05401459854015,0.24182483065693433,1.635226277372263,909.3787016250292,323,426.4362292051756,112.8724584103512,0.2534812273567468,394.2361111111111,104.22222222222223,0.19803239583333332,-7.5509808709455895
8053475328,19,3466.9,330.3,1.4611110333333335,4.525,Evening Movers,622.3986394557824,124.2312925170068,0.29916099591836737,1.7020680272108843,1305.4635673243533,330,605.2302025782689,123.1767955801105,0.2925721325966851,670.953125,127.21354166666667,0.317795125,10.859161050085198
8253242879,11,1593.7777777777778,150.94444444444446,0.6305555555555555,2.538888888888889,Midday Movers,285.00696055684455,78.45011600928075,0.15177880974477959,1.3226450116009283,878.9479718167287,158,254.30149253731344,76.79701492537313,0.1419900567164179,392.15625,84.21875,0.18593747916666667,54.20918142761559
8378563200,8,1529.0967741935483,231.6451612903226,0.7731182580645162,2.5706451612903227,Early Movers,366.94557823129253,144.7986394557823,0.2476417319727891,1.6077762619372442,685.3019400803073,424,414.71270718232046,153.45672191528544,0.2862492467771639,231.85416666666666,120.3125,0.13845485416666667,-44.09282313967379
8583815059,15,1184.64,189.24,0.6306666400000001,2.2484,Afternoon Movers,294.6488294314381,115.92307692307692,0.1827201739130435,1.3782608695652174,659.9560213942342,236,284.8920704845815,114.64757709251101,0.17599118281938325,325.40972222222223,119.94444444444444,0.2039351875,14.222105820187636
8792009665,18,289.0,122.26315789473684,0.25701757894736843,1.738421052631579,Evening Movers,117.87280701754386,91.2719298245614,0.10891814473684211,1.2984210526315791,208.73171498680824,136,116.27380952380952,90.80059523809524,0.10555558333333333,122.35,92.59166666666667,0.11833331666666667,5.225760212962016
8877689391,12,2110.6451612903224,277.0,1.0016129032258065,3.7816129032258066,Midday Movers,674.317006802721,143.8721088435374,0.3180272068027211,1.966798365122616,1322.2095881554112,474,666.6169429097606,140.34254143646407,0.30260895211786376,696.09375,153.85416666666666,0.36163195833333334,4.421850870092525
